,Cparam,Iparam,LParam,Iteration,HR,FARtbx,FARnew,FARnew_F
1,6.0,20.0,0.1,0.0,0.10526315789473684,0.09523809523809523,0.1,0.04365718688819044
2,6.0,20.0,0.1,1.0,0.2,0.06666666666666667,0.075,0.012270623566051764
3,6.0,20.0,0.1,2.0,0.15,0.05,0.075,0.04905326480668127
4,6.0,20.0,0.1,3.0,0.0,0.05263157894736842,0.075,0.042772219157019474
5,6.0,20.0,0.1,4.0,0.15,0.25,0.2,0.03862684621442455
6,6.0,20.0,0.1,5.0,0.13333333333333333,0.28,0.2,0.049537328047888934
7,6.0,20.0,0.1,6.0,0.22727272727272727,0.2222222222222222,0.05,0.02528923977745983
8,6.0,20.0,0.1,7.0,0.2631578947368421,0.14285714285714285,0.2,0.06187879443358385
9,6.0,20.0,0.1,8.0,0.08333333333333333,0.0625,0.125,0.041868139787944195
10,6.0,20.0,0.1,9.0,0.08695652173913043,0.17647058823529413,0.1,0.02841054906456224
11,6.0,20.0,0.1,10.0,0.24,0.0,0.125,0.034524428953084045
12,6.0,20.0,0.1,11.0,0.0,0.14285714285714285,0.1,0.057829892253717555
13,6.0,20.0,0.1,12.0,0.21052631578947367,0.14285714285714285,0.15,0.045532792394879486
14,6.0,20.0,0.1,13.0,0.2,0.25,0.25,0.04556886801657624
15,6.0,20.0,0.1,14.0,0.1111111111111111,0.36363636363636365,0.275,0.058049686992617824
16,6.0,20.0,0.1,15.0,0.11764705882352941,0.043478260869565216,0.075,0.026141652677068618
17,6.0,20.0,0.1,16.0,0.1111111111111111,0.13636363636363635,0.075,0.046640182072897184
18,6.0,20.0,0.1,17.0,0.1111111111111111,0.09090909090909091,0.125,0.032852306503144656
19,6.0,20.0,0.1,18.0,0.09090909090909091,0.3333333333333333,0.125,0.03612667618547767
20,6.0,20.0,0.1,19.0,0.29411764705882354,0.34782608695652173,0.2,0.045734552974160646
21,6.0,20.0,0.1,20.0,0.25,0.25,0.2,0.0335010824603081
22,6.0,20.0,0.1,21.0,0.2631578947368421,0.19047619047619047,0.175,0.03186929760435052
23,6.0,20.0,0.1,22.0,0.09090909090909091,0.2222222222222222,0.125,0.03216654969073324
24,6.0,20.0,0.1,23.0,0.2631578947368421,0.047619047619047616,0.225,0.04619207294865246
25,6.0,20.0,0.1,24.0,0.21052631578947367,0.23809523809523808,0.25,0.043530142203725655
26,6.0,20.0,0.1,25.0,0.125,0.08333333333333333,0.225,0.039758133139751656
27,6.0,20.0,0.1,26.0,0.36363636363636365,0.05555555555555555,0.2,0.032523804057022966
28,6.0,20.0,0.1,27.0,0.13636363636363635,0.1111111111111111,0.175,0.052725859252760354
29,6.0,20.0,0.1,28.0,0.14285714285714285,0.2631578947368421,0.15,0.035959749157973654
30,6.0,20.0,0.1,29.0,0.3333333333333333,0.22727272727272727,0.2,0.048619634171765916
31,6.0,20.0,0.1,30.0,0.09090909090909091,0.1111111111111111,0.125,0.04400798854777549
32,6.0,20.0,0.1,31.0,0.0,0.16666666666666666,0.25,0.03873778881907035
33,6.0,20.0,0.1,32.0,0.17647058823529413,0.13043478260869565,0.175,0.04081692158229477
34,6.0,20.0,0.1,33.0,0.04,0.13333333333333333,0.25,0.03360564753349953
35,6.0,20.0,0.1,34.0,0.09523809523809523,0.21052631578947367,0.3,0.03825654968725771
36,6.0,20.0,0.1,35.0,0.22727272727272727,0.1111111111111111,0.1,0.04352734870855263
37,6.0,20.0,0.1,36.0,0.18181818181818182,0.16666666666666666,0.1,0.04305253723067991
38,6.0,20.0,0.1,37.0,0.14285714285714285,0.0,0.05,0.034153111851053755
39,6.0,20.0,0.1,38.0,0.16666666666666666,0.3181818181818182,0.2,0.04082587985520761
40,6.0,20.0,0.1,39.0,0.2727272727272727,0.2222222222222222,0.05,0.04750570126220878
41,6.0,20.0,0.1,40.0,0.1111111111111111,0.13636363636363635,0.15,0.02888100230834323
42,6.0,20.0,0.1,41.0,0.08333333333333333,0.0625,0.15,0.05149732800061594
43,6.0,20.0,0.1,42.0,0.15789473684210525,0.19047619047619047,0.175,0.031863765049360185
44,6.0,20.0,0.1,43.0,0.058823529411764705,0.2608695652173913,0.075,0.02973276090418105
45,6.0,20.0,0.1,44.0,0.16666666666666666,0.25,0.15,0.019236232579325094
46,6.0,20.0,0.1,45.0,0.23076923076923078,0.21428571428571427,0.15,0.04425874287743907
47,6.0,20.0,0.1,46.0,0.2631578947368421,0.047619047619047616,0.15,0.05139665758336505
48,6.0,20.0,0.1,47.0,0.13043478260869565,0.23529411764705882,0.075,0.037876802282148826
49,6.0,20.0,0.1,48.0,0.09090909090909091,0.1111111111111111,0.15,0.03875263681719631
50,6.0,20.0,0.1,49.0,0.125,0.16666666666666666,0.15,0.046620565536155636
51,6.0,20.0,0.1,50.0,0.0,0.15789473684210525,0.25,0.05583171118313257
52,6.0,20.0,0.1,51.0,0.0,0.0,0.1,0.041469102493482346
53,6.0,20.0,0.1,52.0,0.1875,0.3333333333333333,0.1,0.035690528184500775
54,6.0,20.0,0.1,53.0,0.20833333333333334,0.0625,0.1,0.03234756142661255
55,6.0,20.0,0.1,54.0,0.2222222222222222,0.09090909090909091,0.15,0.03645865664405816
56,6.0,20.0,0.1,55.0,0.1875,0.4166666666666667,0.15,0.031998277917404644
57,6.0,20.0,0.1,56.0,0.22727272727272727,0.05555555555555555,0.075,0.018179256666051906
58,6.0,20.0,0.1,57.0,0.16666666666666666,0.1875,0.1,0.043887029593898244
59,6.0,20.0,0.1,58.0,0.06666666666666667,0.08,0.175,0.033361883556063655
60,6.0,20.0,0.1,59.0,0.09523809523809523,0.21052631578947367,0.125,0.03934755330687114
61,6.0,20.0,0.1,60.0,0.17647058823529413,0.08695652173913043,0.125,0.04757905607719576
62,6.0,20.0,0.1,61.0,0.2692307692307692,0.21428571428571427,0.2,0.044363259992764095
63,6.0,20.0,0.1,62.0,0.25,0.2,0.275,0.054872360905755604
64,6.0,20.0,0.1,63.0,0.25,0.25,0.1,0.04833035933647057
65,6.0,20.0,0.1,64.0,0.125,0.125,0.075,0.03205424820186814
66,6.0,20.0,0.1,65.0,0.09523809523809523,0.3684210526315789,0.125,0.04457799338396599
67,6.0,20.0,0.1,66.0,0.1111111111111111,0.18181818181818182,0.15,0.04523252780604362
68,6.0,20.0,0.1,67.0,0.10526315789473684,0.19047619047619047,0.25,0.04749337927926147
69,6.0,20.0,0.1,68.0,0.07142857142857142,0.038461538461538464,0.025,0.032245645499838924
70,6.0,20.0,0.1,69.0,0.21428571428571427,0.11538461538461539,0.05,0.03007483226573764
71,6.0,20.0,0.1,70.0,0.23529411764705882,0.17391304347826086,0.325,0.04654317260576191
72,6.0,20.0,0.1,71.0,0.11764705882352941,0.21739130434782608,0.175,0.03786347501696393
73,6.0,20.0,0.1,72.0,0.13333333333333333,0.16,0.125,0.0328040053613217
74,6.0,20.0,0.1,73.0,0.21739130434782608,0.29411764705882354,0.125,0.02952380804238971
75,6.0,20.0,0.1,74.0,0.25,0.20833333333333334,0.2,0.032769038319023114
76,6.0,20.0,0.1,75.0,0.058823529411764705,0.17391304347826086,0.175,0.04326730723462604
77,6.0,20.0,0.1,76.0,0.25,0.15,0.225,0.041412877289513296
78,6.0,20.0,0.1,77.0,0.12,0.13333333333333333,0.275,0.05437671724282347
79,6.0,20.0,0.1,78.0,0.0,0.0,0.225,0.04234261202546209
80,6.0,20.0,0.1,79.0,0.06666666666666667,0.24,0.15,0.05013240142271923
81,6.0,20.0,0.1,80.0,0.2631578947368421,0.14285714285714285,0.35,0.0660362805896246
82,6.0,20.0,0.1,81.0,0.3333333333333333,0.15384615384615385,0.125,0.03250554251625566
83,6.0,20.0,0.1,82.0,0.2222222222222222,0.13636363636363635,0.175,0.02946751867873827
84,6.0,20.0,0.1,83.0,0.10526315789473684,0.19047619047619047,0.2,0.03644773543743259
85,6.0,20.0,0.1,84.0,0.125,0.08333333333333333,0.05,0.02572560509974383
86,6.0,20.0,0.1,85.0,0.22727272727272727,0.16666666666666666,0.125,0.02649993307044528
87,6.0,20.0,0.1,86.0,0.0,0.2,0.075,0.032720214506449935
88,6.0,20.0,0.1,87.0,0.05263157894736842,0.09523809523809523,0.025,0.028866112667901112
89,6.0,20.0,0.1,88.0,0.06666666666666667,0.08,0.125,0.026870065678433773
90,6.0,20.0,0.1,89.0,0.09523809523809523,0.10526315789473684,0.275,0.04352266510867485
91,6.0,20.0,0.1,90.0,0.25,0.15,0.075,0.055932470824462656
92,6.0,20.0,0.1,91.0,0.0,0.3333333333333333,0.2,0.03606827962203975
93,6.0,20.0,0.1,92.0,0.08695652173913043,0.23529411764705882,0.175,0.040547191551259985
94,6.0,20.0,0.1,93.0,0.16666666666666666,0.22727272727272727,0.175,0.026838341183501868
95,6.0,20.0,0.1,94.0,0.12,0.3333333333333333,0.175,0.033901784860863614
96,6.0,20.0,0.1,95.0,0.2608695652173913,0.11764705882352941,0.075,0.039082352899607764
97,6.0,20.0,0.1,96.0,0.2857142857142857,0.10526315789473684,0.2,0.029100039737906074
98,6.0,20.0,0.1,97.0,0.19047619047619047,0.10526315789473684,0.125,0.03892914748074584
99,6.0,20.0,0.1,98.0,0.08333333333333333,0.125,0.125,0.0407048445479938
100,6.0,20.0,0.1,99.0,0.16666666666666666,0.22727272727272727,0.25,0.04212961362233762
101,6.0,20.0,0.2,0.0,0.21739130434782608,0.29411764705882354,0.275,0.05574442665767445
102,6.0,20.0,0.2,1.0,0.19047619047619047,0.15789473684210525,0.175,0.02862502424160691
103,6.0,20.0,0.2,2.0,0.3125,0.20833333333333334,0.15,0.04180135836667738
104,6.0,20.0,0.2,3.0,0.2916666666666667,0.3125,0.2,0.04932297857943477
105,6.0,20.0,0.2,4.0,0.2857142857142857,0.38461538461538464,0.275,0.04882283724206491
106,6.0,20.0,0.2,5.0,0.05555555555555555,0.09090909090909091,0.05,0.030644946454197762
107,6.0,20.0,0.2,6.0,0.14285714285714285,0.0,0.075,0.028786990508044803
108,6.0,20.0,0.2,7.0,0.2857142857142857,0.2631578947368421,0.15,0.03427109334749864
109,6.0,20.0,0.2,8.0,0.2,0.1,0.075,0.040075455389961344
110,6.0,20.0,0.2,9.0,0.09523809523809523,0.10526315789473684,0.25,0.04000456728982936
111,6.0,20.0,0.2,10.0,0.13636363636363635,0.1111111111111111,0.275,0.051333817281349725
112,6.0,20.0,0.2,11.0,0.2,0.2,0.2,0.046508118145108204
113,6.0,20.0,0.2,12.0,0.22727272727272727,0.2222222222222222,0.225,0.05817149351303137
114,6.0,20.0,0.2,13.0,0.11764705882352941,0.2608695652173913,0.125,0.03434982552662084
115,6.0,20.0,0.2,14.0,0.10526315789473684,0.14285714285714285,0.175,0.03979565624017834
116,6.0,20.0,0.2,15.0,0.2692307692307692,0.35714285714285715,0.175,0.03530523295245452
117,6.0,20.0,0.2,16.0,0.23529411764705882,0.17391304347826086,0.25,0.057359956947287
118,6.0,20.0,0.2,17.0,0.2631578947368421,0.2857142857142857,0.25,0.045092898552449454
119,6.0,20.0,0.2,18.0,0.2222222222222222,0.09090909090909091,0.05,0.02962735871829287
120,6.0,20.0,0.2,19.0,0.2777777777777778,0.3181818181818182,0.275,0.046649768682495964
121,6.0,20.0,0.2,20.0,0.23809523809523808,0.15789473684210525,0.075,0.018834762455023905
122,6.0,20.0,0.2,21.0,0.2777777777777778,0.22727272727272727,0.175,0.056105825205248705
123,6.0,20.0,0.2,22.0,0.22727272727272727,0.2222222222222222,0.1,0.024494386437564356
124,6.0,20.0,0.2,23.0,0.20689655172413793,0.36363636363636365,0.225,0.027381400364478736
125,6.0,20.0,0.2,24.0,0.21052631578947367,0.14285714285714285,0.15,0.027449447538173504
126,6.0,20.0,0.2,25.0,0.16666666666666666,0.09090909090909091,0.1,0.04806911215671561
127,6.0,20.0,0.2,26.0,0.2222222222222222,0.045454545454545456,0.225,0.028515342316270016
128,6.0,20.0,0.2,27.0,0.2727272727272727,0.3333333333333333,0.25,0.05473702972907309
129,6.0,20.0,0.2,28.0,0.36363636363636365,0.2777777777777778,0.225,0.029721801015667394
130,6.0,20.0,0.2,29.0,0.15789473684210525,0.14285714285714285,0.125,0.037366771031958276
131,6.0,20.0,0.2,30.0,0.15384615384615385,0.18518518518518517,0.1,0.027765201026388065
132,6.0,20.0,0.2,31.0,0.1111111111111111,0.18181818181818182,0.05,0.04310362432659017
133,6.0,20.0,0.2,32.0,0.13333333333333333,0.08,0.125,0.04882946871387762
134,6.0,20.0,0.2,33.0,0.25925925925925924,0.46153846153846156,0.15,0.03218073534111162
135,6.0,20.0,0.2,34.0,0.2631578947368421,0.23809523809523808,0.2,0.0352669757268889
136,6.0,20.0,0.2,35.0,0.35,0.15,0.15,0.04414930715940233
137,6.0,20.0,0.2,36.0,0.10526315789473684,0.0,0.075,0.05739389358563857
138,6.0,20.0,0.2,37.0,0.15,0.2,0.2,0.03653853224302774
139,6.0,20.0,0.2,38.0,0.1111111111111111,0.13636363636363635,0.15,0.020973962757731758
140,6.0,20.0,0.2,39.0,0.16666666666666666,0.2727272727272727,0.15,0.03869066316220741
141,6.0,20.0,0.2,40.0,0.1,0.1,0.125,0.03776877742670355
142,6.0,20.0,0.2,41.0,0.047619047619047616,0.10526315789473684,0.125,0.03820343938309261
143,6.0,20.0,0.2,42.0,0.041666666666666664,0.0625,0.15,0.041849500301792145
144,6.0,20.0,0.2,43.0,0.3181818181818182,0.16666666666666666,0.1,0.026064219090498608
145,6.0,20.0,0.2,44.0,0.15789473684210525,0.19047619047619047,0.075,0.020504751867742522
146,6.0,20.0,0.2,45.0,0.16,0.13333333333333333,0.175,0.034310865054214504
147,6.0,20.0,0.2,46.0,0.13043478260869565,0.23529411764705882,0.05,0.027415364506271078
148,6.0,20.0,0.2,47.0,0.0,0.09523809523809523,0.05,0.043549217857145085
149,6.0,20.0,0.2,48.0,0.25,0.05,0.15,0.038684444792836316
150,6.0,20.0,0.2,49.0,0.23809523809523808,0.10526315789473684,0.075,0.03731482310233268
151,6.0,20.0,0.2,50.0,0.16666666666666666,0.2727272727272727,0.1,0.03591244948122217
152,6.0,20.0,0.2,51.0,0.25,0.25,0.25,0.03452258063365376
153,6.0,20.0,0.2,52.0,0.11764705882352941,0.2608695652173913,0.2,0.030270441092091527
154,6.0,20.0,0.2,53.0,0.15,0.25,0.225,0.03709850542762011
155,6.0,20.0,0.2,54.0,0.13333333333333333,0.28,0.15,0.04637238720244945
156,6.0,20.0,0.2,55.0,0.09090909090909091,0.05555555555555555,0.225,0.05377182244570948
157,6.0,20.0,0.2,56.0,0.058823529411764705,0.13043478260869565,0.05,0.030098987917492964
158,6.0,20.0,0.2,57.0,0.25,0.041666666666666664,0.1,0.04675545847663533
159,6.0,20.0,0.2,58.0,0.1111111111111111,0.13636363636363635,0.025,0.02162872895447184
160,6.0,20.0,0.2,59.0,0.16666666666666666,0.2727272727272727,0.175,0.0353351668684607
161,6.0,20.0,0.2,60.0,0.15,0.2,0.1,0.026651682086344164
162,6.0,20.0,0.2,61.0,0.16,0.26666666666666666,0.125,0.03512159339901365
163,6.0,20.0,0.2,62.0,0.0625,0.20833333333333334,0.175,0.040622218561912775
164,6.0,20.0,0.2,63.0,0.2857142857142857,0.15789473684210525,0.1,0.039709579751172244
165,6.0,20.0,0.2,64.0,0.10526315789473684,0.047619047619047616,0.15,0.03052603356047399
166,6.0,20.0,0.2,65.0,0.125,0.125,0.175,0.04943675256781518
167,6.0,20.0,0.2,66.0,0.2631578947368421,0.19047619047619047,0.125,0.03434249469954389
168,6.0,20.0,0.2,67.0,0.0,0.15789473684210525,0.35,0.05889717843966645
169,6.0,20.0,0.2,68.0,0.1875,0.041666666666666664,0.075,0.07143583803963001
170,6.0,20.0,0.2,69.0,0.3333333333333333,0.3125,0.225,0.05074861643742552
171,6.0,20.0,0.2,70.0,0.16666666666666666,0.0,0.15,0.026097113333057496
172,6.0,20.0,0.2,71.0,0.2631578947368421,0.14285714285714285,0.15,0.04029737502104261
173,6.0,20.0,0.2,72.0,0.2631578947368421,0.09523809523809523,0.05,0.020081037011495835
174,6.0,20.0,0.2,73.0,0.4375,0.16666666666666666,0.125,0.04148508829800733
175,6.0,20.0,0.2,74.0,0.3,0.3,0.275,0.036414761609808076
176,6.0,20.0,0.2,75.0,0.10526315789473684,0.19047619047619047,0.175,0.03834356394007059
177,6.0,20.0,0.2,76.0,0.34782608695652173,0.058823529411764705,0.125,0.02349725743582809
178,6.0,20.0,0.2,77.0,0.18181818181818182,0.2777777777777778,0.225,0.0382129990430642
179,6.0,20.0,0.2,78.0,0.18181818181818182,0.3888888888888889,0.125,0.04171787809294347
180,6.0,20.0,0.2,79.0,0.2,0.25,0.225,0.049930702040173636
181,6.0,20.0,0.2,80.0,0.2,0.25,0.15,0.029430765914580027
182,6.0,20.0,0.2,81.0,0.27586206896551724,0.18181818181818182,0.175,0.03747729717547521
183,6.0,20.0,0.2,82.0,0.10526315789473684,0.14285714285714285,0.125,0.02521586937587309
184,6.0,20.0,0.2,83.0,0.2222222222222222,0.3076923076923077,0.25,0.04251263730456581
185,6.0,20.0,0.2,84.0,0.3333333333333333,0.2631578947368421,0.225,0.0564916595940233
186,6.0,20.0,0.2,85.0,0.3076923076923077,0.07407407407407407,0.1,0.03955268970286321
187,6.0,20.0,0.2,86.0,0.10526315789473684,0.3333333333333333,0.15,0.05096524927429098
188,6.0,20.0,0.2,87.0,0.18181818181818182,0.05555555555555555,0.15,0.02826089167395085
189,6.0,20.0,0.2,88.0,0.3157894736842105,0.14285714285714285,0.2,0.022385041221266617
190,6.0,20.0,0.2,89.0,0.20833333333333334,0.1875,0.15,0.04437412572223112
191,6.0,20.0,0.2,90.0,0.20833333333333334,0.1875,0.25,0.05929026386522649
192,6.0,20.0,0.2,91.0,0.08333333333333333,0.25,0.1,0.06398423382229027
193,6.0,20.0,0.2,92.0,0.5,0.05555555555555555,0.1,0.043206309895048076
194,6.0,20.0,0.2,93.0,0.0625,0.16666666666666666,0.175,0.043749788004974643
195,6.0,20.0,0.2,94.0,0.17391304347826086,0.23529411764705882,0.225,0.0468422268089715
196,6.0,20.0,0.2,95.0,0.125,0.1875,0.225,0.04445785968184031
197,6.0,20.0,0.2,96.0,0.25,0.25,0.35,0.05906546429792518
198,6.0,20.0,0.2,97.0,0.10526315789473684,0.38095238095238093,0.125,0.05464250861855789
199,6.0,20.0,0.2,98.0,0.08695652173913043,0.23529411764705882,0.25,0.04895444405669785
200,6.0,20.0,0.2,99.0,0.16666666666666666,0.13636363636363635,0.125,0.03358613697435142
201,6.0,20.0,0.30000000000000004,0.0,0.2,0.16,0.05,0.022400046056478322
202,6.0,20.0,0.30000000000000004,1.0,0.2,0.04,0.15,0.04444100138456816
203,6.0,20.0,0.30000000000000004,2.0,0.15,0.2,0.175,0.02703354228364757
204,6.0,20.0,0.30000000000000004,3.0,0.2777777777777778,0.18181818181818182,0.25,0.04295572133555976
205,6.0,20.0,0.30000000000000004,4.0,0.1,0.25,0.2,0.049107737299975834
206,6.0,20.0,0.30000000000000004,5.0,0.2916666666666667,0.3125,0.125,0.029244692307723207
207,6.0,20.0,0.30000000000000004,6.0,0.23809523809523808,0.15789473684210525,0.125,0.06721370079379867
208,6.0,20.0,0.30000000000000004,7.0,0.2222222222222222,0.4090909090909091,0.15,0.03832654605897261
209,6.0,20.0,0.30000000000000004,8.0,0.29411764705882354,0.17391304347826086,0.25,0.04616312317441955
210,6.0,20.0,0.30000000000000004,9.0,0.25,0.25,0.15,0.04757723406896939
211,6.0,20.0,0.30000000000000004,10.0,0.4,0.15,0.1,0.037089775388724856
212,6.0,20.0,0.30000000000000004,11.0,0.12,0.13333333333333333,0.075,0.014254800567393805
213,6.0,20.0,0.30000000000000004,12.0,0.2,0.15,0.175,0.02717050214610065
214,6.0,20.0,0.30000000000000004,13.0,0.3333333333333333,0.2727272727272727,0.175,0.040106303560411546
215,6.0,20.0,0.30000000000000004,14.0,0.22727272727272727,0.05555555555555555,0.15,0.03990087096982644
216,6.0,20.0,0.30000000000000004,15.0,0.1,0.1,0.125,0.05502577680797847
217,6.0,20.0,0.30000000000000004,16.0,0.14285714285714285,0.05263157894736842,0.05,0.04837877725339089
218,6.0,20.0,0.30000000000000004,17.0,0.28,0.0,0.225,0.02691261498611782
219,6.0,20.0,0.30000000000000004,18.0,0.3333333333333333,0.21052631578947367,0.15,0.024823688974526494
220,6.0,20.0,0.30000000000000004,19.0,0.14285714285714285,0.15789473684210525,0.225,0.03695782626861178
221,6.0,20.0,0.30000000000000004,20.0,0.2777777777777778,0.22727272727272727,0.275,0.04055681300440597
222,6.0,20.0,0.30000000000000004,21.0,0.22727272727272727,0.1111111111111111,0.175,0.049698388256043044
223,6.0,20.0,0.30000000000000004,22.0,0.2857142857142857,0.15789473684210525,0.15,0.03737736794781656
224,6.0,20.0,0.30000000000000004,23.0,0.45454545454545453,0.3448275862068966,0.025,0.022622059813491434
225,6.0,20.0,0.30000000000000004,24.0,0.2,0.2,0.225,0.05881324760888375
226,6.0,20.0,0.30000000000000004,25.0,0.2,0.2,0.25,0.05242787804259513
227,6.0,20.0,0.30000000000000004,26.0,0.19047619047619047,0.05263157894736842,0.225,0.03716035164539525
228,6.0,20.0,0.30000000000000004,27.0,0.3,0.1,0.15,0.03380810821087423
229,6.0,20.0,0.30000000000000004,28.0,0.23529411764705882,0.17391304347826086,0.05,0.045356641520755345
230,6.0,20.0,0.30000000000000004,29.0,0.21739130434782608,0.11764705882352941,0.125,0.03382319489238637
231,6.0,20.0,0.30000000000000004,30.0,0.47058823529411764,0.30434782608695654,0.225,0.06574338402060922
232,6.0,20.0,0.30000000000000004,31.0,0.047619047619047616,0.2631578947368421,0.05,0.03243631770780166
233,6.0,20.0,0.30000000000000004,32.0,0.1111111111111111,0.09090909090909091,0.15,0.057926822904274665
234,6.0,20.0,0.30000000000000004,33.0,0.25,0.1,0.125,0.020171696408109754
235,6.0,20.0,0.30000000000000004,34.0,0.2727272727272727,0.2222222222222222,0.275,0.05536404876038452
236,6.0,20.0,0.30000000000000004,35.0,0.5294117647058824,0.2608695652173913,0.225,0.034918750703982634
237,6.0,20.0,0.30000000000000004,36.0,0.0,0.08695652173913043,0.15,0.03308186038633011
238,6.0,20.0,0.30000000000000004,37.0,0.37037037037037035,0.15384615384615385,0.175,0.03790358172814072
239,6.0,20.0,0.30000000000000004,38.0,0.05263157894736842,0.0,0.125,0.05208626254182276
240,6.0,20.0,0.30000000000000004,39.0,0.11764705882352941,0.17391304347826086,0.125,0.049237597436249496
241,6.0,20.0,0.30000000000000004,40.0,0.125,0.3125,0.15,0.044873872309929064
242,6.0,20.0,0.30000000000000004,41.0,0.2857142857142857,0.3157894736842105,0.2,0.04635035329646622
243,6.0,20.0,0.30000000000000004,42.0,0.2222222222222222,0.22727272727272727,0.075,0.018192057838729674
244,6.0,20.0,0.30000000000000004,43.0,0.3181818181818182,0.3888888888888889,0.325,0.05197629591791304
245,6.0,20.0,0.30000000000000004,44.0,0.18181818181818182,0.1111111111111111,0.1,0.03992261481995098
246,6.0,20.0,0.30000000000000004,45.0,0.3181818181818182,0.2222222222222222,0.225,0.04865007702867252
247,6.0,20.0,0.30000000000000004,46.0,0.23076923076923078,0.07142857142857142,0.125,0.052081612880134895
248,6.0,20.0,0.30000000000000004,47.0,0.42857142857142855,0.15789473684210525,0.1,0.04060195971905113
249,6.0,20.0,0.30000000000000004,48.0,0.18181818181818182,0.2777777777777778,0.125,0.034345583581923
250,6.0,20.0,0.30000000000000004,49.0,0.05555555555555555,0.18181818181818182,0.05,0.05324109943087298
251,6.0,20.0,0.30000000000000004,50.0,0.36363636363636365,0.2222222222222222,0.175,0.06012372449765324
252,6.0,20.0,0.30000000000000004,51.0,0.3125,0.2916666666666667,0.3,0.04756312334738739
253,6.0,20.0,0.30000000000000004,52.0,0.0625,0.16666666666666666,0.1,0.03059454123711013
254,6.0,20.0,0.30000000000000004,53.0,0.24,0.3333333333333333,0.15,0.03411386465003959
255,6.0,20.0,0.30000000000000004,54.0,0.2857142857142857,0.05263157894736842,0.025,0.03952643559525541
256,6.0,20.0,0.30000000000000004,55.0,0.14285714285714285,0.3076923076923077,0.175,0.04711329749698105
257,6.0,20.0,0.30000000000000004,56.0,0.35,0.3,0.175,0.03358541910522926
258,6.0,20.0,0.30000000000000004,57.0,0.35,0.1,0.1,0.03046813855656937
259,6.0,20.0,0.30000000000000004,58.0,0.2631578947368421,0.19047619047619047,0.225,0.03921006351056587
260,6.0,20.0,0.30000000000000004,59.0,0.4375,0.20833333333333334,0.125,0.030266578401371487
261,6.0,20.0,0.30000000000000004,60.0,0.25,0.25,0.25,0.04426339219818416
262,6.0,20.0,0.30000000000000004,61.0,0.35,0.25,0.125,0.023250641519623784
263,6.0,20.0,0.30000000000000004,62.0,0.3181818181818182,0.1111111111111111,0.2,0.04177753479541764
264,6.0,20.0,0.30000000000000004,63.0,0.21739130434782608,0.17647058823529413,0.225,0.05221742098303087
265,6.0,20.0,0.30000000000000004,64.0,0.0,0.09090909090909091,0.15,0.026512834092202498
266,6.0,20.0,0.30000000000000004,65.0,0.25,0.1,0.15,0.05935194993219286
267,6.0,20.0,0.30000000000000004,66.0,0.29411764705882354,0.043478260869565216,0.1,0.040324717033712945
268,6.0,20.0,0.30000000000000004,67.0,0.21739130434782608,0.11764705882352941,0.075,0.02837243827282023
269,6.0,20.0,0.30000000000000004,68.0,0.15,0.1,0.15,0.04582788218132583
270,6.0,20.0,0.30000000000000004,69.0,0.3888888888888889,0.22727272727272727,0.2,0.04467112522369197
271,6.0,20.0,0.30000000000000004,70.0,0.23809523809523808,0.21052631578947367,0.25,0.04598355850487816
272,6.0,20.0,0.30000000000000004,71.0,0.125,0.25,0.1,0.02676894047328538
273,6.0,20.0,0.30000000000000004,72.0,0.125,0.1875,0.125,0.04610134147413814
274,6.0,20.0,0.30000000000000004,73.0,0.25,0.125,0.2,0.047297630972515534
275,6.0,20.0,0.30000000000000004,74.0,0.24,0.0,0.125,0.0306161446162145
276,6.0,20.0,0.30000000000000004,75.0,0.3125,0.16666666666666666,0.2,0.03824592994517282
277,6.0,20.0,0.30000000000000004,76.0,0.2222222222222222,0.045454545454545456,0.125,0.04080348801018698
278,6.0,20.0,0.30000000000000004,77.0,0.47619047619047616,0.3157894736842105,0.1,0.02699912544007561
279,6.0,20.0,0.30000000000000004,78.0,0.2,0.2,0.225,0.04477617483713418
280,6.0,20.0,0.30000000000000004,79.0,0.3333333333333333,0.375,0.2,0.04483644338984546
281,6.0,20.0,0.30000000000000004,80.0,0.3333333333333333,0.09090909090909091,0.125,0.0465853413484909
282,6.0,20.0,0.30000000000000004,81.0,0.3333333333333333,0.2631578947368421,0.225,0.04141276866859599
283,6.0,20.0,0.30000000000000004,82.0,0.35,0.3,0.3,0.04786978061098399
284,6.0,20.0,0.30000000000000004,83.0,0.11764705882352941,0.21739130434782608,0.175,0.03309432375284493
285,6.0,20.0,0.30000000000000004,84.0,0.4117647058823529,0.17391304347826086,0.175,0.031818004074754956
286,6.0,20.0,0.30000000000000004,85.0,0.2631578947368421,0.047619047619047616,0.05,0.016280594897369056
287,6.0,20.0,0.30000000000000004,86.0,0.16,0.06666666666666667,0.15,0.038940205448834954
288,6.0,20.0,0.30000000000000004,87.0,0.23529411764705882,0.21739130434782608,0.15,0.03054776689824299
289,6.0,20.0,0.30000000000000004,88.0,0.35294117647058826,0.08695652173913043,0.2,0.05954498317944692
290,6.0,20.0,0.30000000000000004,89.0,0.3684210526315789,0.42857142857142855,0.1,0.030690660824044542
291,6.0,20.0,0.30000000000000004,90.0,0.3,0.2,0.15,0.027201727606653875
292,6.0,20.0,0.30000000000000004,91.0,0.3125,0.0,0.05,0.03681366129015682
293,6.0,20.0,0.30000000000000004,92.0,0.14285714285714285,0.21052631578947367,0.05,0.040203322409760475
294,6.0,20.0,0.30000000000000004,93.0,0.058823529411764705,0.08695652173913043,0.3,0.05721042856656875
295,6.0,20.0,0.30000000000000004,94.0,0.2222222222222222,0.22727272727272727,0.175,0.045016010235293835
296,6.0,20.0,0.30000000000000004,95.0,0.23529411764705882,0.2608695652173913,0.15,0.029107991588551336
297,6.0,20.0,0.30000000000000004,96.0,0.3125,0.20833333333333334,0.2,0.055819442880733594
298,6.0,20.0,0.30000000000000004,97.0,0.2,0.2,0.125,0.060754609845560914
299,6.0,20.0,0.30000000000000004,98.0,0.09090909090909091,0.2222222222222222,0.1,0.03508599858692004
300,6.0,20.0,0.30000000000000004,99.0,0.1,0.1,0.075,0.028662387568645552
301,6.0,20.0,0.4,0.0,0.45,0.0,0.15,0.03436929500874678
302,6.0,20.0,0.4,1.0,0.19047619047619047,0.0,0.15,0.03606721002214893
303,6.0,20.0,0.4,2.0,0.11764705882352941,0.21739130434782608,0.075,0.02187017749031421
304,6.0,20.0,0.4,3.0,0.4,0.13333333333333333,0.225,0.04922036069865351
305,6.0,20.0,0.4,4.0,0.19047619047619047,0.10526315789473684,0.1,0.04511011142513157
306,6.0,20.0,0.4,5.0,0.34782608695652173,0.17647058823529413,0.125,0.07540736064238811
307,6.0,20.0,0.4,6.0,0.2727272727272727,0.3333333333333333,0.175,0.03511313364793481
308,6.0,20.0,0.4,7.0,0.55,0.35,0.25,0.04857646226237794
309,6.0,20.0,0.4,8.0,0.3,0.25,0.2,0.05172417457099485
310,6.0,20.0,0.4,9.0,0.5909090909090909,0.0,0.075,0.023190203603671865
311,6.0,20.0,0.4,10.0,0.23529411764705882,0.08695652173913043,0.075,0.020625364049342065
312,6.0,20.0,0.4,11.0,0.42105263157894735,0.09523809523809523,0.1,0.03858144991879435
313,6.0,20.0,0.4,12.0,0.5625,0.2916666666666667,0.2,0.05694421744676189
314,6.0,20.0,0.4,13.0,0.47619047619047616,0.10526315789473684,0.225,0.04093217417516161
315,6.0,20.0,0.4,14.0,0.23529411764705882,0.13043478260869565,0.15,0.035016170704657346
316,6.0,20.0,0.4,15.0,0.3333333333333333,0.3181818181818182,0.425,0.06998607246668995
317,6.0,20.0,0.4,16.0,0.3684210526315789,0.19047619047619047,0.175,0.0441499505070216
318,6.0,20.0,0.4,17.0,0.29411764705882354,0.08695652173913043,0.25,0.02850017251665221
319,6.0,20.0,0.4,18.0,0.5,0.22727272727272727,0.15,0.032507649222913285
320,6.0,20.0,0.4,19.0,0.4090909090909091,0.05555555555555555,0.1,0.042063240568275984
321,6.0,20.0,0.4,20.0,0.38095238095238093,0.3157894736842105,0.25,0.0665054882210099
322,6.0,20.0,0.4,21.0,0.5555555555555556,0.3181818181818182,0.175,0.02133189670493835
323,6.0,20.0,0.4,22.0,0.3125,0.041666666666666664,0.05,0.030185857592947195
324,6.0,20.0,0.4,23.0,0.07142857142857142,0.2692307692307692,0.125,0.041715960775520214
325,6.0,20.0,0.4,24.0,0.14285714285714285,0.15789473684210525,0.05,0.04266813267875022
326,6.0,20.0,0.4,25.0,0.5238095238095238,0.15789473684210525,0.1,0.03440220278515966
327,6.0,20.0,0.4,26.0,0.2727272727272727,0.2222222222222222,0.125,0.011596253523360783
328,6.0,20.0,0.4,27.0,0.5714285714285714,0.05263157894736842,0.125,0.03394875130113356
329,6.0,20.0,0.4,28.0,0.3157894736842105,0.38095238095238093,0.175,0.049691018234538656
330,6.0,20.0,0.4,29.0,0.23529411764705882,0.17391304347826086,0.125,0.05789159838795033
331,6.0,20.0,0.4,30.0,0.45454545454545453,0.2777777777777778,0.15,0.02618201657229078
332,6.0,20.0,0.4,31.0,0.4,0.4,0.15,0.022227276672982813
333,6.0,20.0,0.4,32.0,0.23809523809523808,0.10526315789473684,0.15,0.03756983474490154
334,6.0,20.0,0.4,33.0,0.2,0.25,0.175,0.04042645274896913
335,6.0,20.0,0.4,34.0,0.17391304347826086,0.35294117647058826,0.1,0.04126252975483756
336,6.0,20.0,0.4,35.0,0.2631578947368421,0.14285714285714285,0.025,0.01386311999664216
337,6.0,20.0,0.4,36.0,0.43478260869565216,0.17647058823529413,0.2,0.0257975749740293
338,6.0,20.0,0.4,37.0,0.38095238095238093,0.21052631578947367,0.15,0.04652177325750477
339,6.0,20.0,0.4,38.0,0.23076923076923078,0.2222222222222222,0.15,0.04843178172792584
340,6.0,20.0,0.4,39.0,0.26666666666666666,0.28,0.1,0.014944119210585574
341,6.0,20.0,0.4,40.0,0.28,0.2,0.175,0.036974379262429594
342,6.0,20.0,0.4,41.0,0.391304347826087,0.17647058823529413,0.15,0.019934738757954998
343,6.0,20.0,0.4,42.0,0.4090909090909091,0.2222222222222222,0.1,0.02190404120885724
344,6.0,20.0,0.4,43.0,0.34615384615384615,0.21428571428571427,0.2,0.03776368173734061
345,6.0,20.0,0.4,44.0,0.3125,0.25,0.1,0.042520474743031764
346,6.0,20.0,0.4,45.0,0.3,0.15,0.1,0.047471863425878794
347,6.0,20.0,0.4,46.0,0.4,0.26666666666666666,0.325,0.04654513940786836
348,6.0,20.0,0.4,47.0,0.35,0.25,0.175,0.03475571712116246
349,6.0,20.0,0.4,48.0,0.45,0.3,0.2,0.038146258394397295
350,6.0,20.0,0.4,49.0,0.42857142857142855,0.3157894736842105,0.1,0.03601422454144113
351,6.0,20.0,0.4,50.0,0.391304347826087,0.35294117647058826,0.225,0.036518259955207064
352,6.0,20.0,0.4,51.0,0.36363636363636365,0.2777777777777778,0.1,0.03163075926827848
353,6.0,20.0,0.4,52.0,0.38095238095238093,0.2631578947368421,0.1,0.04391783731809824
354,6.0,20.0,0.4,53.0,0.36,0.06666666666666667,0.125,0.04776510355110808
355,6.0,20.0,0.4,54.0,0.2222222222222222,0.18181818181818182,0.2,0.035734375153620684
356,6.0,20.0,0.4,55.0,0.2,0.28,0.2,0.044610053557773595
357,6.0,20.0,0.4,56.0,0.1875,0.125,0.05,0.03918656317078406
358,6.0,20.0,0.4,57.0,0.2608695652173913,0.47058823529411764,0.1,0.021916461653066648
359,6.0,20.0,0.4,58.0,0.3333333333333333,0.08,0.175,0.03687057339581133
360,6.0,20.0,0.4,59.0,0.3684210526315789,0.19047619047619047,0.075,0.052801689990260234
361,6.0,20.0,0.4,60.0,0.26666666666666666,0.2,0.175,0.042953127492423575
362,6.0,20.0,0.4,61.0,0.08695652173913043,0.058823529411764705,0.175,0.05296506184731722
363,6.0,20.0,0.4,62.0,0.3157894736842105,0.23809523809523808,0.175,0.05379601322626555
364,6.0,20.0,0.4,63.0,0.21428571428571427,0.11538461538461539,0.05,0.03538324355730651
365,6.0,20.0,0.4,64.0,0.4090909090909091,0.1111111111111111,0.0,0.026560344842483024
366,6.0,20.0,0.4,65.0,0.5333333333333333,0.32,0.2,0.057129613831045624
367,6.0,20.0,0.4,66.0,0.45454545454545453,0.16666666666666666,0.2,0.06049387159835919
368,6.0,20.0,0.4,67.0,0.3,0.2,0.2,0.024832461136640883
369,6.0,20.0,0.4,68.0,0.4230769230769231,0.2857142857142857,0.325,0.07407703405362236
370,6.0,20.0,0.4,69.0,0.3684210526315789,0.19047619047619047,0.075,0.022154020605032975
371,6.0,20.0,0.4,70.0,0.38461538461538464,0.07407407407407407,0.025,0.0258456511097217
372,6.0,20.0,0.4,71.0,0.07142857142857142,0.23076923076923078,0.075,0.041647458989001414
373,6.0,20.0,0.4,72.0,0.29411764705882354,0.0,0.05,0.02419426696135323
374,6.0,20.0,0.4,73.0,0.4166666666666667,0.21428571428571427,0.125,0.04664077522509992
375,6.0,20.0,0.4,74.0,0.23809523809523808,0.10526315789473684,0.125,0.052365796229005945
376,6.0,20.0,0.4,75.0,0.2631578947368421,0.3333333333333333,0.075,0.030374925025959267
377,6.0,20.0,0.4,76.0,0.26666666666666666,0.04,0.025,0.04706913007386178
378,6.0,20.0,0.4,77.0,0.21739130434782608,0.058823529411764705,0.1,0.039064644241727876
379,6.0,20.0,0.4,78.0,0.28,0.13333333333333333,0.125,0.03684584400623855
380,6.0,20.0,0.4,79.0,0.4782608695652174,0.11764705882352941,0.2,0.05068269356923181
381,6.0,20.0,0.4,80.0,0.35714285714285715,0.25,0.15,0.05218298476043413
382,6.0,20.0,0.4,81.0,0.3,0.05,0.05,0.030776822533534802
383,6.0,20.0,0.4,82.0,0.3125,0.20833333333333334,0.25,0.043513811456959116
384,6.0,20.0,0.4,83.0,0.36363636363636365,0.1111111111111111,0.1,0.029919704411187957
385,6.0,20.0,0.4,84.0,0.29411764705882354,0.2608695652173913,0.2,0.06629127214406409
386,6.0,20.0,0.4,85.0,0.29411764705882354,0.08695652173913043,0.05,0.03593680293861347
387,6.0,20.0,0.4,86.0,0.5714285714285714,0.2692307692307692,0.15,0.0515287961783318
388,6.0,20.0,0.4,87.0,0.3888888888888889,0.22727272727272727,0.275,0.05434963653220045
389,6.0,20.0,0.4,88.0,0.42105263157894735,0.14285714285714285,0.125,0.024814963121012393
390,6.0,20.0,0.4,89.0,0.5,0.2727272727272727,0.15,0.05043737943013741
391,6.0,20.0,0.4,90.0,0.14285714285714285,0.15384615384615385,0.1,0.03785750467828856
392,6.0,20.0,0.4,91.0,0.25,0.2916666666666667,0.125,0.036418771615985814
393,6.0,20.0,0.4,92.0,0.5294117647058824,0.13043478260869565,0.125,0.029946537899352733
394,6.0,20.0,0.4,93.0,0.47619047619047616,0.10526315789473684,0.15,0.03644847342070384
395,6.0,20.0,0.4,94.0,0.43478260869565216,0.4117647058823529,0.175,0.0387943870148499
396,6.0,20.0,0.4,95.0,0.375,0.25,0.125,0.03712736159734076
397,6.0,20.0,0.4,96.0,0.4,0.35,0.25,0.045802623078673936
398,6.0,20.0,0.4,97.0,0.21739130434782608,0.058823529411764705,0.075,0.03354310429274719
399,6.0,20.0,0.4,98.0,0.15,0.1,0.025,0.04055907655264218
400,6.0,20.0,0.4,99.0,0.35714285714285715,0.3076923076923077,0.2,0.036860431399580285
401,6.0,20.0,0.5,0.0,0.15384615384615385,0.2222222222222222,0.15,0.03859939234874643
402,6.0,20.0,0.5,1.0,0.47368421052631576,0.2857142857142857,0.15,0.062780761160497
403,6.0,20.0,0.5,2.0,0.30434782608695654,0.17647058823529413,0.15,0.04197431919264632
404,6.0,20.0,0.5,3.0,0.45454545454545453,0.1111111111111111,0.225,0.05099914018964928
405,6.0,20.0,0.5,4.0,0.65,0.2,0.225,0.05668459654852637
406,6.0,20.0,0.5,5.0,0.2777777777777778,0.09090909090909091,0.125,0.03001416555159479
407,6.0,20.0,0.5,6.0,0.5,0.13636363636363635,0.175,0.04449347447003278
408,6.0,20.0,0.5,7.0,0.45454545454545453,0.16666666666666666,0.15,0.05226374402977885
409,6.0,20.0,0.5,8.0,0.5,0.5,0.225,0.04368344280981088
410,6.0,20.0,0.5,9.0,0.30434782608695654,0.17647058823529413,0.1,0.025985116327153168
411,6.0,20.0,0.5,10.0,0.6111111111111112,0.13636363636363635,0.2,0.034258380334048336
412,6.0,20.0,0.5,11.0,0.3,0.1,0.175,0.04298792685236916
413,6.0,20.0,0.5,12.0,0.5,0.25,0.125,0.040059605102685136
414,6.0,20.0,0.5,13.0,0.6,0.15,0.2,0.03390252191786769
415,6.0,20.0,0.5,14.0,0.3125,0.16666666666666666,0.05,0.02864700820850316
416,6.0,20.0,0.5,15.0,0.3333333333333333,0.125,0.275,0.03807455107424483
417,6.0,20.0,0.5,16.0,0.3888888888888889,0.3181818181818182,0.15,0.03348720753709332
418,6.0,20.0,0.5,17.0,0.3,0.05,0.025,0.03350186343682361
419,6.0,20.0,0.5,18.0,0.5789473684210527,0.09523809523809523,0.125,0.02486675709866526
420,6.0,20.0,0.5,19.0,0.3076923076923077,0.14285714285714285,0.125,0.042511576724099547
421,6.0,20.0,0.5,20.0,0.4,0.1,0.175,0.02484900461061217
422,6.0,20.0,0.5,21.0,0.3157894736842105,0.14285714285714285,0.025,0.04277217687791769
423,6.0,20.0,0.5,22.0,0.56,0.26666666666666666,0.2,0.029282020131836707
424,6.0,20.0,0.5,23.0,0.4,0.25,0.2,0.06421920144044169
425,6.0,20.0,0.5,24.0,0.23809523809523808,0.15789473684210525,0.225,0.049975951390049865
426,6.0,20.0,0.5,25.0,0.2777777777777778,0.18181818181818182,0.15,0.03181419509234057
427,6.0,20.0,0.5,26.0,0.45,0.3,0.125,0.02395755056025322
428,6.0,20.0,0.5,27.0,0.5294117647058824,0.08695652173913043,0.125,0.051667346447047124
429,6.0,20.0,0.5,28.0,0.3157894736842105,0.19047619047619047,0.1,0.02607143958039445
430,6.0,20.0,0.5,29.0,0.6666666666666666,0.42105263157894735,0.275,0.06015851631601656
431,6.0,20.0,0.5,30.0,0.4444444444444444,0.18181818181818182,0.075,0.04167931683618492
432,6.0,20.0,0.5,31.0,0.35,0.05,0.15,0.04242480477674436
433,6.0,20.0,0.5,32.0,0.5217391304347826,0.17647058823529413,0.075,0.0379968862397224
434,6.0,20.0,0.5,33.0,0.42857142857142855,0.4166666666666667,0.175,0.031124685139352785
435,6.0,20.0,0.5,34.0,0.35294117647058826,0.391304347826087,0.25,0.04143044194079519
436,6.0,20.0,0.5,35.0,0.6842105263157895,0.23809523809523808,0.275,0.03968730061332109
437,6.0,20.0,0.5,36.0,0.8,0.48,0.275,0.05506909862873288
438,6.0,20.0,0.5,37.0,0.23529411764705882,0.08695652173913043,0.025,0.03309911232150582
439,6.0,20.0,0.5,38.0,0.3333333333333333,0.1875,0.1,0.0281109973990619
440,6.0,20.0,0.5,39.0,0.4444444444444444,0.13636363636363635,0.025,0.03096999336358307
441,6.0,20.0,0.5,40.0,0.34782608695652173,0.35294117647058826,0.175,0.027406379852768857
442,6.0,20.0,0.5,41.0,0.4117647058823529,0.30434782608695654,0.075,0.031244863389530524
443,6.0,20.0,0.5,42.0,0.4583333333333333,0.1875,0.25,0.04205118130817413
444,6.0,20.0,0.5,43.0,0.2857142857142857,0.3684210526315789,0.2,0.029314879961806633
445,6.0,20.0,0.5,44.0,0.3333333333333333,0.3684210526315789,0.075,0.04559547595011686
446,6.0,20.0,0.5,45.0,0.3333333333333333,0.13636363636363635,0.1,0.021859113839872216
447,6.0,20.0,0.5,46.0,0.41379310344827586,0.18181818181818182,0.15,0.061344087195852735
448,6.0,20.0,0.5,47.0,0.15384615384615385,0.2222222222222222,0.05,0.02986749047864609
449,6.0,20.0,0.5,48.0,0.42857142857142855,0.15789473684210525,0.15,0.035928720204256595
450,6.0,20.0,0.5,49.0,0.5882352941176471,0.17391304347826086,0.05,0.03442136546180293
451,6.0,20.0,0.5,50.0,0.4375,0.16666666666666666,0.15,0.041869534714600164
452,6.0,20.0,0.5,51.0,0.5882352941176471,0.13043478260869565,0.15,0.03415164701182855
453,6.0,20.0,0.5,52.0,0.625,0.375,0.1,0.03246267479883617
454,6.0,20.0,0.5,53.0,0.52,0.13333333333333333,0.125,0.029542544993355523
455,6.0,20.0,0.5,54.0,0.4,0.1,0.075,0.04641137054071768
456,6.0,20.0,0.5,55.0,0.30434782608695654,0.058823529411764705,0.1,0.02022375583464173
457,6.0,20.0,0.5,56.0,0.4,0.2,0.15,0.025789134530971453
458,6.0,20.0,0.5,57.0,0.2631578947368421,0.14285714285714285,0.15,0.03732428902711667
459,6.0,20.0,0.5,58.0,0.5263157894736842,0.19047619047619047,0.15,0.028802553287820214
460,6.0,20.0,0.5,59.0,0.4,0.2,0.15,0.0465166593748812
461,6.0,20.0,0.5,60.0,0.6666666666666666,0.25,0.275,0.04951972829629053
462,6.0,20.0,0.5,61.0,0.55,0.35,0.3,0.06826961660911739
463,6.0,20.0,0.5,62.0,0.38095238095238093,0.3157894736842105,0.25,0.03755338582654076
464,6.0,20.0,0.5,63.0,0.32,0.0,0.15,0.02447833449151053
465,6.0,20.0,0.5,64.0,0.48,0.13333333333333333,0.125,0.027933583834590093
466,6.0,20.0,0.5,65.0,0.43478260869565216,0.23529411764705882,0.2,0.05167479537346893
467,6.0,20.0,0.5,66.0,0.29411764705882354,0.34782608695652173,0.1,0.027021785325035165
468,6.0,20.0,0.5,67.0,0.5,0.15384615384615385,0.1,0.042033627580346775
469,6.0,20.0,0.5,68.0,0.35,0.15,0.125,0.01655190504129961
470,6.0,20.0,0.5,69.0,0.5833333333333334,0.07142857142857142,0.05,0.02837001077713472
471,6.0,20.0,0.5,70.0,0.43478260869565216,0.17647058823529413,0.15,0.04972523462998666
472,6.0,20.0,0.5,71.0,0.5833333333333334,0.1875,0.075,0.027438213351426256
473,6.0,20.0,0.5,72.0,0.5217391304347826,0.17647058823529413,0.15,0.032349584860696834
474,6.0,20.0,0.5,73.0,0.6086956521739131,0.23529411764705882,0.1,0.020430902569709485
475,6.0,20.0,0.5,74.0,0.3684210526315789,0.38095238095238093,0.25,0.04616460954255988
476,6.0,20.0,0.5,75.0,0.35294117647058826,0.21739130434782608,0.15,0.04236834632027125
477,6.0,20.0,0.5,76.0,0.6190476190476191,0.10526315789473684,0.225,0.04518879403892356
478,6.0,20.0,0.5,77.0,0.30434782608695654,0.29411764705882354,0.1,0.032712746558438976
479,6.0,20.0,0.5,78.0,0.5454545454545454,0.16666666666666666,0.175,0.04643526974671293
480,6.0,20.0,0.5,79.0,0.43478260869565216,0.29411764705882354,0.15,0.03904299760804418
481,6.0,20.0,0.5,80.0,0.45454545454545453,0.16666666666666666,0.15,0.035668859335277456
482,6.0,20.0,0.5,81.0,0.3684210526315789,0.09523809523809523,0.125,0.03604568657446374
483,6.0,20.0,0.5,82.0,0.3333333333333333,0.2,0.05,0.026529833164506727
484,6.0,20.0,0.5,83.0,0.5714285714285714,0.47368421052631576,0.2,0.03356043508948631
485,6.0,20.0,0.5,84.0,0.42857142857142855,0.15789473684210525,0.175,0.026720051483679563
486,6.0,20.0,0.5,85.0,0.5263157894736842,0.09523809523809523,0.275,0.043641470978908296
487,6.0,20.0,0.5,86.0,0.34782608695652173,0.11764705882352941,0.125,0.03322367521739375
488,6.0,20.0,0.5,87.0,0.5217391304347826,0.4117647058823529,0.15,0.02955548848317576
489,6.0,20.0,0.5,88.0,0.3333333333333333,0.125,0.125,0.03355087081542828
490,6.0,20.0,0.5,89.0,0.5,0.19230769230769232,0.125,0.06422908836644994
491,6.0,20.0,0.5,90.0,0.5714285714285714,0.3157894736842105,0.2,0.0467729948523235
492,6.0,20.0,0.5,91.0,0.30434782608695654,0.35294117647058826,0.175,0.038437127124456585
493,6.0,20.0,0.5,92.0,0.47058823529411764,0.17391304347826086,0.1,0.02289299029966107
494,6.0,20.0,0.5,93.0,0.30434782608695654,0.0,0.075,0.03579329644705791
495,6.0,20.0,0.5,94.0,0.23529411764705882,0.043478260869565216,0.05,0.039214905841582416
496,6.0,20.0,0.5,95.0,0.23529411764705882,0.21739130434782608,0.075,0.06356207263897003
497,6.0,20.0,0.5,96.0,0.47619047619047616,0.47368421052631576,0.225,0.0517963344505699
498,6.0,20.0,0.5,97.0,0.47619047619047616,0.21052631578947367,0.175,0.03631032122366108
499,6.0,20.0,0.5,98.0,0.13636363636363635,0.0,0.075,0.025017358852758825
500,6.0,20.0,0.5,99.0,0.3181818181818182,0.2222222222222222,0.275,0.06297413770748923
501,6.0,20.0,0.6,0.0,0.6666666666666666,0.05263157894736842,0.1,0.0365945560899799
502,6.0,20.0,0.6,1.0,0.4,0.1,0.2,0.0541796606103692
503,6.0,20.0,0.6,2.0,0.75,0.0,0.1,0.03583827525484363
504,6.0,20.0,0.6,3.0,0.3333333333333333,0.13636363636363635,0.1,0.04646569256322294
505,6.0,20.0,0.6,4.0,0.7142857142857143,0.3684210526315789,0.175,0.04402595930885707
506,6.0,20.0,0.6,5.0,0.631578947368421,0.19047619047619047,0.125,0.024824855815973806
507,6.0,20.0,0.6,6.0,0.6842105263157895,0.047619047619047616,0.225,0.055673943184148644
508,6.0,20.0,0.6,7.0,0.7222222222222222,0.045454545454545456,0.15,0.030023530177438706
509,6.0,20.0,0.6,8.0,0.3333333333333333,0.125,0.075,0.03274970360321253
510,6.0,20.0,0.6,9.0,0.6086956521739131,0.23529411764705882,0.125,0.030711231937350387
511,6.0,20.0,0.6,10.0,0.5909090909090909,0.2222222222222222,0.15,0.02649331855873771
512,6.0,20.0,0.6,11.0,0.6666666666666666,0.05263157894736842,0.275,0.05514330102110654
513,6.0,20.0,0.6,12.0,0.75,0.25,0.175,0.03299856932790864
514,6.0,20.0,0.6,13.0,0.5714285714285714,0.2631578947368421,0.125,0.019220185738922597
515,6.0,20.0,0.6,14.0,0.8333333333333334,0.22727272727272727,0.175,0.03272928345107441
516,6.0,20.0,0.6,15.0,0.75,0.15,0.275,0.06033575020121947
517,6.0,20.0,0.6,16.0,0.6538461538461539,0.21428571428571427,0.175,0.027847799700018994
518,6.0,20.0,0.6,17.0,0.5,0.23076923076923078,0.1,0.03666308525790879
519,6.0,20.0,0.6,18.0,0.65,0.1,0.275,0.06922865047284332
520,6.0,20.0,0.6,19.0,0.47368421052631576,0.09523809523809523,0.05,0.026435268664091162
521,6.0,20.0,0.6,20.0,0.6470588235294118,0.17391304347826086,0.175,0.04641697200537213
522,6.0,20.0,0.6,21.0,0.7333333333333333,0.24,0.1,0.036267801856902024
523,6.0,20.0,0.6,22.0,0.65,0.15,0.2,0.04360420086914265
524,6.0,20.0,0.6,23.0,0.5714285714285714,0.21052631578947367,0.2,0.048762734118457426
525,6.0,20.0,0.6,24.0,0.48,0.2,0.1,0.01737244603219916
526,6.0,20.0,0.6,25.0,0.6818181818181818,0.1111111111111111,0.05,0.06459424487598757
527,6.0,20.0,0.6,26.0,0.45,0.2,0.1,0.03863051335444661
528,6.0,20.0,0.6,27.0,0.6538461538461539,0.14285714285714285,0.125,0.034872860569610496
529,6.0,20.0,0.6,28.0,0.6111111111111112,0.18181818181818182,0.15,0.03931071745312216
530,6.0,20.0,0.6,29.0,0.75,0.1875,0.25,0.03959866758881847
531,6.0,20.0,0.6,30.0,0.17647058823529413,0.13043478260869565,0.0,0.06379810595690474
532,6.0,20.0,0.6,31.0,0.4166666666666667,0.3125,0.25,0.044163535067463455
533,6.0,20.0,0.6,32.0,0.21739130434782608,0.29411764705882354,0.175,0.027985905349011363
534,6.0,20.0,0.6,33.0,0.7307692307692307,0.21428571428571427,0.25,0.040959987374703355
535,6.0,20.0,0.6,34.0,0.7058823529411765,0.13043478260869565,0.175,0.036422068218509546
536,6.0,20.0,0.6,35.0,0.65,0.15,0.075,0.020517764998763868
537,6.0,20.0,0.6,36.0,0.4583333333333333,0.0,0.175,0.040002401925838496
538,6.0,20.0,0.6,37.0,0.8888888888888888,0.16129032258064516,0.2,0.02821786831920518
539,6.0,20.0,0.6,38.0,0.7727272727272727,0.16666666666666666,0.225,0.03534999123473677
540,6.0,20.0,0.6,39.0,0.55,0.1,0.2,0.038646157817654646
541,6.0,20.0,0.6,40.0,0.7,0.15,0.125,0.03491086719656922
542,6.0,20.0,0.6,41.0,0.7272727272727273,0.16666666666666666,0.075,0.02082577419345725
543,6.0,20.0,0.6,42.0,0.5833333333333334,0.0625,0.125,0.04581317859826344
544,6.0,20.0,0.6,43.0,0.5238095238095238,0.05263157894736842,0.125,0.022311031123368047
545,6.0,20.0,0.6,44.0,0.6,0.05,0.125,0.034579331608530973
546,6.0,20.0,0.6,45.0,0.3125,0.125,0.125,0.040002507439365106
547,6.0,20.0,0.6,46.0,0.6521739130434783,0.23529411764705882,0.15,0.056119028553374826
548,6.0,20.0,0.6,47.0,0.3684210526315789,0.2857142857142857,0.175,0.05757557037784058
549,6.0,20.0,0.6,48.0,0.5,0.25,0.15,0.03805518479466133
550,6.0,20.0,0.6,49.0,0.75,0.1,0.2,0.05330461486470263
551,6.0,20.0,0.6,50.0,0.45,0.0,0.125,0.02510095091485361
552,6.0,20.0,0.6,51.0,0.52,0.2,0.175,0.027650736186731396
553,6.0,20.0,0.6,52.0,0.5555555555555556,0.13636363636363635,0.225,0.03927932990621482
554,6.0,20.0,0.6,53.0,0.5555555555555556,0.09090909090909091,0.075,0.018813998901974438
555,6.0,20.0,0.6,54.0,0.8461538461538461,0.2962962962962963,0.1,0.036516348865409054
556,6.0,20.0,0.6,55.0,0.8235294117647058,0.13043478260869565,0.15,0.07924736979137322
557,6.0,20.0,0.6,56.0,0.7142857142857143,0.10526315789473684,0.125,0.023623837601234526
558,6.0,20.0,0.6,57.0,0.5909090909090909,0.1111111111111111,0.2,0.06093306605947276
559,6.0,20.0,0.6,58.0,0.7647058823529411,0.17391304347826086,0.2,0.045792456981379105
560,6.0,20.0,0.6,59.0,0.5714285714285714,0.10526315789473684,0.15,0.04797361239610574
561,6.0,20.0,0.6,60.0,0.6470588235294118,0.13043478260869565,0.25,0.0319580752919858
562,6.0,20.0,0.6,61.0,0.8095238095238095,0.10526315789473684,0.275,0.05971887411477354
563,6.0,20.0,0.6,62.0,0.6,0.15,0.225,0.06357001605041347
564,6.0,20.0,0.6,63.0,0.52,0.13333333333333333,0.175,0.03333231000221381
565,6.0,20.0,0.6,64.0,0.68,0.13333333333333333,0.1,0.024865204326136373
566,6.0,20.0,0.6,65.0,0.75,0.25,0.2,0.027384498893118468
567,6.0,20.0,0.6,66.0,0.4,0.2,0.075,0.02809712640653863
568,6.0,20.0,0.6,67.0,0.6,0.15,0.075,0.024393825282692325
569,6.0,20.0,0.6,68.0,0.8636363636363636,0.1111111111111111,0.15,0.025936435004362806
570,6.0,20.0,0.6,69.0,0.75,0.1,0.125,0.03712723693157205
571,6.0,20.0,0.6,70.0,0.625,0.25,0.225,0.030487136218078865
572,6.0,20.0,0.6,71.0,0.8421052631578947,0.19047619047619047,0.225,0.05096759816935249
573,6.0,20.0,0.6,72.0,0.4166666666666667,0.1875,0.1,0.0392285444711936
574,6.0,20.0,0.6,73.0,0.7272727272727273,0.05555555555555555,0.15,0.03621398144219928
575,6.0,20.0,0.6,74.0,0.5454545454545454,0.2777777777777778,0.125,0.021969676120079402
576,6.0,20.0,0.6,75.0,0.5384615384615384,0.1111111111111111,0.15,0.025867202797147965
577,6.0,20.0,0.6,76.0,0.6,0.12,0.1,0.06186168485850339
578,6.0,20.0,0.6,77.0,0.7222222222222222,0.18181818181818182,0.125,0.02315621962190461
579,6.0,20.0,0.6,78.0,0.6842105263157895,0.14285714285714285,0.1,0.03219326999638864
580,6.0,20.0,0.6,79.0,0.6111111111111112,0.045454545454545456,0.175,0.046159765134366815
581,6.0,20.0,0.6,80.0,0.5263157894736842,0.09523809523809523,0.125,0.0427508161259462
582,6.0,20.0,0.6,81.0,0.65,0.1,0.1,0.028416176651501833
583,6.0,20.0,0.6,82.0,0.5238095238095238,0.15789473684210525,0.175,0.04067813291394297
584,6.0,20.0,0.6,83.0,0.5,0.0625,0.125,0.041028554384124
585,6.0,20.0,0.6,84.0,0.7,0.2,0.175,0.033066812930389336
586,6.0,20.0,0.6,85.0,0.5555555555555556,0.09090909090909091,0.1,0.039201285370164325
587,6.0,20.0,0.6,86.0,0.8,0.15,0.125,0.03983534820209368
588,6.0,20.0,0.6,87.0,0.7333333333333333,0.16,0.175,0.040805080045277796
589,6.0,20.0,0.6,88.0,0.6818181818181818,0.2222222222222222,0.175,0.0379709657145193
590,6.0,20.0,0.6,89.0,0.6666666666666666,0.18181818181818182,0.225,0.03567281283414767
591,6.0,20.0,0.6,90.0,0.6190476190476191,0.15789473684210525,0.15,0.04600473147053291
592,6.0,20.0,0.6,91.0,0.7142857142857143,0.05263157894736842,0.125,0.03019661558425288
593,6.0,20.0,0.6,92.0,0.6086956521739131,0.0,0.175,0.03556047344462972
594,6.0,20.0,0.6,93.0,0.45454545454545453,0.0,0.05,0.034750862913338995
595,6.0,20.0,0.6,94.0,0.631578947368421,0.3333333333333333,0.125,0.03247246488675885
596,6.0,20.0,0.6,95.0,0.5217391304347826,0.11764705882352941,0.15,0.027629376598883083
597,6.0,20.0,0.6,96.0,0.30434782608695654,0.0,0.075,0.012799890256235203
598,6.0,20.0,0.6,97.0,0.8333333333333334,0.22727272727272727,0.225,0.05276085568723089
599,6.0,20.0,0.6,98.0,0.6666666666666666,0.10526315789473684,0.05,0.04708216691591084
600,6.0,20.0,0.6,99.0,0.5,0.08333333333333333,0.075,0.04332015413617318
601,6.0,20.0,0.7000000000000001,0.0,0.6,0.12,0.05,0.034018646242510955
602,6.0,20.0,0.7000000000000001,1.0,0.9,0.1,0.25,0.04579073831931903
603,6.0,20.0,0.7000000000000001,2.0,0.7058823529411765,0.08695652173913043,0.075,0.04468366886513235
604,6.0,20.0,0.7000000000000001,3.0,0.6363636363636364,0.2222222222222222,0.075,0.03509952308720492
605,6.0,20.0,0.7000000000000001,4.0,0.6842105263157895,0.09523809523809523,0.2,0.04781659152250654
606,6.0,20.0,0.7000000000000001,5.0,0.6956521739130435,0.23529411764705882,0.175,0.02916280065410984
607,6.0,20.0,0.7000000000000001,6.0,0.7692307692307693,0.21428571428571427,0.15,0.056987998629986804
608,6.0,20.0,0.7000000000000001,7.0,0.7142857142857143,0.3157894736842105,0.125,0.02767167628643184
609,6.0,20.0,0.7000000000000001,8.0,0.6,0.1,0.125,0.03066426733353156
610,6.0,20.0,0.7000000000000001,9.0,0.8823529411764706,0.30434782608695654,0.2,0.04734881789007248
611,6.0,20.0,0.7000000000000001,10.0,0.782608695652174,0.23529411764705882,0.175,0.03986611336547234
612,6.0,20.0,0.7000000000000001,11.0,0.9375,0.125,0.1,0.03967878119080302
613,6.0,20.0,0.7000000000000001,12.0,0.8235294117647058,0.17391304347826086,0.225,0.0239031746391623
614,6.0,20.0,0.7000000000000001,13.0,0.8823529411764706,0.391304347826087,0.075,0.029838511883785685
615,6.0,20.0,0.7000000000000001,14.0,0.7333333333333333,0.12,0.125,0.026584119242971566
616,6.0,20.0,0.7000000000000001,15.0,0.8421052631578947,0.7142857142857143,0.25,0.03293386142308384
617,6.0,20.0,0.7000000000000001,16.0,0.5625,0.20833333333333334,0.175,0.048583104863160795
618,6.0,20.0,0.7000000000000001,17.0,0.7894736842105263,0.047619047619047616,0.125,0.047198293266115
619,6.0,20.0,0.7000000000000001,18.0,0.8823529411764706,0.0,0.1,0.030245066288074378
620,6.0,20.0,0.7000000000000001,19.0,0.8823529411764706,0.17391304347826086,0.2,0.042148503170839034
621,6.0,20.0,0.7000000000000001,20.0,0.95,0.1,0.075,0.04501738965980142
622,6.0,20.0,0.7000000000000001,21.0,0.7,0.2,0.125,0.039247505288217556
623,6.0,20.0,0.7000000000000001,22.0,0.76,0.0,0.25,0.05346498292834474
624,6.0,20.0,0.7000000000000001,23.0,0.75,0.08333333333333333,0.15,0.031283427068495864
625,6.0,20.0,0.7000000000000001,24.0,0.8636363636363636,0.05555555555555555,0.15,0.036975618897006665
626,6.0,20.0,0.7000000000000001,25.0,0.6875,0.20833333333333334,0.175,0.0366856652061851
627,6.0,20.0,0.7000000000000001,26.0,0.7647058823529411,0.043478260869565216,0.125,0.04086786030768159
628,6.0,20.0,0.7000000000000001,27.0,0.6470588235294118,0.08695652173913043,0.225,0.04987201843122805
629,6.0,20.0,0.7000000000000001,28.0,0.8823529411764706,0.08695652173913043,0.15,0.044233584714891375
630,6.0,20.0,0.7000000000000001,29.0,0.631578947368421,0.09523809523809523,0.2,0.03492874457923835
631,6.0,20.0,0.7000000000000001,30.0,0.85,0.05,0.1,0.04993290377416372
632,6.0,20.0,0.7000000000000001,31.0,0.96,0.06666666666666667,0.15,0.05140915444912033
633,6.0,20.0,0.7000000000000001,32.0,0.7619047619047619,0.15789473684210525,0.175,0.03426197711308361
634,6.0,20.0,0.7000000000000001,33.0,0.7894736842105263,0.14285714285714285,0.025,0.030366787226058966
635,6.0,20.0,0.7000000000000001,34.0,0.7692307692307693,0.1111111111111111,0.075,0.04173852206729259
636,6.0,20.0,0.7000000000000001,35.0,0.88,0.0,0.175,0.029639786544802676
637,6.0,20.0,0.7000000000000001,36.0,0.6956521739130435,0.11764705882352941,0.1,0.05724471670858296
638,6.0,20.0,0.7000000000000001,37.0,0.7142857142857143,0.038461538461538464,0.1,0.05483313932034042
639,6.0,20.0,0.7000000000000001,38.0,0.9130434782608695,0.11764705882352941,0.075,0.03325450419643098
640,6.0,20.0,0.7000000000000001,39.0,0.875,0.08333333333333333,0.225,0.05160237104796822
641,6.0,20.0,0.7000000000000001,40.0,0.6923076923076923,0.037037037037037035,0.25,0.06190757580198349
642,6.0,20.0,0.7000000000000001,41.0,0.8125,0.20833333333333334,0.15,0.029360365743576162
643,6.0,20.0,0.7000000000000001,42.0,0.6842105263157895,0.047619047619047616,0.175,0.048801221477509676
644,6.0,20.0,0.7000000000000001,43.0,0.8461538461538461,0.48148148148148145,0.25,0.048334870360581525
645,6.0,20.0,0.7000000000000001,44.0,0.8333333333333334,0.0,0.1,0.023799067341645372
646,6.0,20.0,0.7000000000000001,45.0,0.6,0.12,0.125,0.04755558277396729
647,6.0,20.0,0.7000000000000001,46.0,0.7222222222222222,0.13636363636363635,0.05,0.03279268393312038
648,6.0,20.0,0.7000000000000001,47.0,0.8181818181818182,0.3888888888888889,0.175,0.03528116176695207
649,6.0,20.0,0.7000000000000001,48.0,0.8,0.26666666666666666,0.3,0.04761334625694778
650,6.0,20.0,0.7000000000000001,49.0,0.7727272727272727,0.05555555555555555,0.25,0.039146665874804754
651,6.0,20.0,0.7000000000000001,50.0,0.8571428571428571,0.2631578947368421,0.15,0.031201643857292738
652,6.0,20.0,0.7000000000000001,51.0,0.88,0.13333333333333333,0.35,0.0729151431988091
653,6.0,20.0,0.7000000000000001,52.0,0.8,0.16,0.2,0.03699143957278157
654,6.0,20.0,0.7000000000000001,53.0,0.5333333333333333,0.24,0.125,0.03675990145822708
655,6.0,20.0,0.7000000000000001,54.0,1.0,0.045454545454545456,0.1,0.03546620433021597
656,6.0,20.0,0.7000000000000001,55.0,0.631578947368421,0.047619047619047616,0.075,0.03915529418329176
657,6.0,20.0,0.7000000000000001,56.0,0.75,0.1,0.1,0.04322322453833777
658,6.0,20.0,0.7000000000000001,57.0,0.7368421052631579,0.09523809523809523,0.225,0.038581061344697146
659,6.0,20.0,0.7000000000000001,58.0,0.7142857142857143,0.11538461538461539,0.05,0.05464103533549445
660,6.0,20.0,0.7000000000000001,59.0,0.875,0.1875,0.125,0.03649821714121985
661,6.0,20.0,0.7000000000000001,60.0,0.7272727272727273,0.16666666666666666,0.125,0.03523047080442467
662,6.0,20.0,0.7000000000000001,61.0,0.8846153846153846,0.14285714285714285,0.25,0.03097101274831273
663,6.0,20.0,0.7000000000000001,62.0,0.7142857142857143,0.2631578947368421,0.125,0.05316528099386335
664,6.0,20.0,0.7000000000000001,63.0,0.7083333333333334,0.125,0.225,0.05873223283527072
665,6.0,20.0,0.7000000000000001,64.0,0.8571428571428571,0.21052631578947367,0.15,0.023765965462995926
666,6.0,20.0,0.7000000000000001,65.0,0.6956521739130435,0.17647058823529413,0.25,0.04380376344559533
667,6.0,20.0,0.7000000000000001,66.0,0.72,0.3333333333333333,0.175,0.03191471216164218
668,6.0,20.0,0.7000000000000001,67.0,0.8,0.16,0.175,0.027464514256753093
669,6.0,20.0,0.7000000000000001,68.0,0.8823529411764706,0.21739130434782608,0.275,0.03476151204623427
670,6.0,20.0,0.7000000000000001,69.0,0.6875,0.4166666666666667,0.275,0.05864735962031942
671,6.0,20.0,0.7000000000000001,70.0,0.85,0.1,0.125,0.028971766603264497
672,6.0,20.0,0.7000000000000001,71.0,0.7368421052631579,0.0,0.1,0.051906353565114374
673,6.0,20.0,0.7000000000000001,72.0,0.8181818181818182,0.2222222222222222,0.175,0.024780550124229944
674,6.0,20.0,0.7000000000000001,73.0,0.9,0.1,0.15,0.024681071639355227
675,6.0,20.0,0.7000000000000001,74.0,0.8181818181818182,0.16666666666666666,0.225,0.03989716735013144
676,6.0,20.0,0.7000000000000001,75.0,0.8260869565217391,0.29411764705882354,0.225,0.04175445686213111
677,6.0,20.0,0.7000000000000001,76.0,0.8095238095238095,0.10526315789473684,0.25,0.03764597549292346
678,6.0,20.0,0.7000000000000001,77.0,0.8095238095238095,0.15789473684210525,0.125,0.033577049289113314
679,6.0,20.0,0.7000000000000001,78.0,0.7647058823529411,0.043478260869565216,0.2,0.035065208525605726
680,6.0,20.0,0.7000000000000001,79.0,0.7692307692307693,0.0,0.1,0.02699272607231909
681,6.0,20.0,0.7000000000000001,80.0,0.6785714285714286,0.08333333333333333,0.2,0.06483472436141498
682,6.0,20.0,0.7000000000000001,81.0,0.5,0.16666666666666666,0.075,0.03095151614412426
683,6.0,20.0,0.7000000000000001,82.0,0.5882352941176471,0.043478260869565216,0.1,0.02886161716563489
684,6.0,20.0,0.7000000000000001,83.0,0.8947368421052632,0.047619047619047616,0.15,0.039157441769001135
685,6.0,20.0,0.7000000000000001,84.0,0.7619047619047619,0.05263157894736842,0.325,0.054083179299060494
686,6.0,20.0,0.7000000000000001,85.0,0.8636363636363636,0.2777777777777778,0.1,0.04059504580191762
687,6.0,20.0,0.7000000000000001,86.0,0.8125,0.25,0.075,0.024910924897143773
688,6.0,20.0,0.7000000000000001,87.0,0.85,0.05,0.075,0.029100587950083828
689,6.0,20.0,0.7000000000000001,88.0,0.631578947368421,0.19047619047619047,0.125,0.03216084028873537
690,6.0,20.0,0.7000000000000001,89.0,0.8,0.15,0.2,0.036973804909056704
691,6.0,20.0,0.7000000000000001,90.0,0.5882352941176471,0.17391304347826086,0.15,0.04381229075476094
692,6.0,20.0,0.7000000000000001,91.0,0.6818181818181818,0.2222222222222222,0.1,0.03471208970001222
693,6.0,20.0,0.7000000000000001,92.0,0.875,0.125,0.2,0.05095215840274543
694,6.0,20.0,0.7000000000000001,93.0,0.8095238095238095,0.10526315789473684,0.2,0.043333931086434
695,6.0,20.0,0.7000000000000001,94.0,0.8,0.2,0.175,0.03406740489851005
696,6.0,20.0,0.7000000000000001,95.0,0.8333333333333334,0.18181818181818182,0.25,0.06941297351590643
697,6.0,20.0,0.7000000000000001,96.0,0.8,0.04,0.15,0.03279254312244508
698,6.0,20.0,0.7000000000000001,97.0,0.7142857142857143,0.05263157894736842,0.025,0.016272657366667023
699,6.0,20.0,0.7000000000000001,98.0,0.7727272727272727,0.1111111111111111,0.125,0.057230557114615686
700,6.0,20.0,0.7000000000000001,99.0,0.9473684210526315,0.047619047619047616,0.225,0.0478402982696204
701,6.0,20.0,0.8,0.0,0.8695652173913043,0.058823529411764705,0.1,0.027482735833383252
702,6.0,20.0,0.8,1.0,1.0,0.047619047619047616,0.125,0.04243995165994201
703,6.0,20.0,0.8,2.0,0.8823529411764706,0.17391304347826086,0.15,0.038502559128971325
704,6.0,20.0,0.8,3.0,0.7894736842105263,0.09523809523809523,0.075,0.0523781348005829
705,6.0,20.0,0.8,4.0,0.96,0.0,0.25,0.04000941859430478
706,6.0,20.0,0.8,5.0,0.7894736842105263,0.09523809523809523,0.075,0.028807414068833193
707,6.0,20.0,0.8,6.0,0.9411764705882353,0.0,0.075,0.026831286808978276
708,6.0,20.0,0.8,7.0,0.9090909090909091,0.5555555555555556,0.2,0.03240715786589573
709,6.0,20.0,0.8,8.0,0.8095238095238095,0.05263157894736842,0.1,0.028456565687465567
710,6.0,20.0,0.8,9.0,0.8571428571428571,0.0,0.125,0.020609863817524686
711,6.0,20.0,0.8,10.0,0.631578947368421,0.047619047619047616,0.05,0.04205415037754487
712,6.0,20.0,0.8,11.0,0.8823529411764706,0.0,0.075,0.044104317791176614
713,6.0,20.0,0.8,12.0,0.9545454545454546,0.0,0.125,0.04321942384079264
714,6.0,20.0,0.8,13.0,0.875,0.08333333333333333,0.075,0.054716699129842936
715,6.0,20.0,0.8,14.0,0.9545454545454546,0.05555555555555555,0.35,0.06000361071522806
716,6.0,20.0,0.8,15.0,0.9230769230769231,0.0,0.125,0.04066313565264778
717,6.0,20.0,0.8,16.0,0.9545454545454546,0.05555555555555555,0.225,0.03983329839645453
718,6.0,20.0,0.8,17.0,0.8636363636363636,0.05555555555555555,0.15,0.02413388192830493
719,6.0,20.0,0.8,18.0,0.9285714285714286,0.0,0.1,0.03817036830689362
720,6.0,20.0,0.8,19.0,0.7142857142857143,0.10526315789473684,0.175,0.03370966053708724
721,6.0,20.0,0.8,20.0,0.9090909090909091,0.0,0.15,0.039318391460495546
722,6.0,20.0,0.8,21.0,0.8947368421052632,0.047619047619047616,0.1,0.024343239294624158
723,6.0,20.0,0.8,22.0,0.9375,0.125,0.2,0.04459758605591385
724,6.0,20.0,0.8,23.0,0.8571428571428571,0.10526315789473684,0.075,0.038589690808322724
725,6.0,20.0,0.8,24.0,0.8571428571428571,0.10526315789473684,0.15,0.03988639711060379
726,6.0,20.0,0.8,25.0,0.9583333333333334,0.125,0.275,0.04103768299599434
727,6.0,20.0,0.8,26.0,0.8095238095238095,0.10526315789473684,0.225,0.06485045844769821
728,6.0,20.0,0.8,27.0,0.9411764705882353,0.13043478260869565,0.25,0.04055155699110339
729,6.0,20.0,0.8,28.0,0.9473684210526315,0.09523809523809523,0.2,0.0457277310378123
730,6.0,20.0,0.8,29.0,0.8947368421052632,0.047619047619047616,0.225,0.04249775007332811
731,6.0,20.0,0.8,30.0,0.9523809523809523,0.15789473684210525,0.1,0.04662499705339829
732,6.0,20.0,0.8,31.0,0.9523809523809523,0.10526315789473684,0.125,0.029907705210316528
733,6.0,20.0,0.8,32.0,0.8421052631578947,0.047619047619047616,0.225,0.05079932942406797
734,6.0,20.0,0.8,33.0,0.9411764705882353,0.5217391304347826,0.175,0.03799473201934227
735,6.0,20.0,0.8,34.0,0.85,0.05,0.1,0.02668515818378093
736,6.0,20.0,0.8,35.0,0.7222222222222222,0.045454545454545456,0.2,0.05620752979147949
737,6.0,20.0,0.8,36.0,0.7777777777777778,0.09090909090909091,0.25,0.06559690990512895
738,6.0,20.0,0.8,37.0,0.7222222222222222,0.0,0.15,0.07132433633746553
739,6.0,20.0,0.8,38.0,0.8125,0.125,0.075,0.038495443955102106
740,6.0,20.0,0.8,39.0,0.8571428571428571,0.05263157894736842,0.15,0.04000340135571266
741,6.0,20.0,0.8,40.0,0.9130434782608695,0.23529411764705882,0.225,0.03167762522039249
742,6.0,20.0,0.8,41.0,0.9,0.05,0.275,0.039451677987168074
743,6.0,20.0,0.8,42.0,0.9375,0.041666666666666664,0.1,0.047821257334774506
744,6.0,20.0,0.8,43.0,1.0,0.13043478260869565,0.075,0.033524330247224524
745,6.0,20.0,0.8,44.0,0.8823529411764706,0.043478260869565216,0.1,0.023484290844142157
746,6.0,20.0,0.8,45.0,0.8333333333333334,0.125,0.225,0.044260788704258335
747,6.0,20.0,0.8,46.0,0.8823529411764706,0.21739130434782608,0.275,0.06839890992463186
748,6.0,20.0,0.8,47.0,0.9473684210526315,0.0,0.225,0.028934713873903138
749,6.0,20.0,0.8,48.0,0.6666666666666666,0.0,0.15,0.05695705264716625
750,6.0,20.0,0.8,49.0,0.7727272727272727,0.0,0.1,0.022343190845527116
751,6.0,20.0,0.8,50.0,0.88,0.13333333333333333,0.175,0.03388672129155221
752,6.0,20.0,0.8,51.0,0.9444444444444444,0.0,0.125,0.02672470535592989
753,6.0,20.0,0.8,52.0,0.9444444444444444,0.045454545454545456,0.25,0.05332623588800944
754,6.0,20.0,0.8,53.0,0.8947368421052632,0.09523809523809523,0.15,0.05276771332346608
755,6.0,20.0,0.8,54.0,0.9285714285714286,0.0,0.2,0.048955705352711806
756,6.0,20.0,0.8,55.0,0.8260869565217391,0.23529411764705882,0.175,0.03467674753255121
757,6.0,20.0,0.8,56.0,0.7857142857142857,0.07692307692307693,0.05,0.03024347104587346
758,6.0,20.0,0.8,57.0,1.0,0.1,0.175,0.039618691054482555
759,6.0,20.0,0.8,58.0,0.8571428571428571,0.0,0.075,0.03230677600097265
760,6.0,20.0,0.8,59.0,1.0,0.09090909090909091,0.1,0.06392856157866773
761,6.0,20.0,0.8,60.0,1.0,0.043478260869565216,0.1,0.04032659023723014
762,6.0,20.0,0.8,61.0,1.0,0.16,0.3,0.05241353217140243
763,6.0,20.0,0.8,62.0,0.75,0.0,0.15,0.035493519389473725
764,6.0,20.0,0.8,63.0,0.8823529411764706,0.043478260869565216,0.125,0.036623854416686516
765,6.0,20.0,0.8,64.0,1.0,0.045454545454545456,0.1,0.04214988779446281
766,6.0,20.0,0.8,65.0,1.0,0.0,0.2,0.04405109624659738
767,6.0,20.0,0.8,66.0,0.9375,0.08333333333333333,0.15,0.04184750661614728
768,6.0,20.0,0.8,67.0,0.9444444444444444,0.045454545454545456,0.1,0.030280636834614703
769,6.0,20.0,0.8,68.0,0.8888888888888888,0.0,0.125,0.021853778916041688
770,6.0,20.0,0.8,69.0,1.0,0.15384615384615385,0.125,0.028188251089762178
771,6.0,20.0,0.8,70.0,1.0,0.0,0.225,0.039693836744946
772,6.0,20.0,0.8,71.0,0.9565217391304348,0.058823529411764705,0.225,0.03328875654384241
773,6.0,20.0,0.8,72.0,0.8695652173913043,0.058823529411764705,0.15,0.03854441797107849
774,6.0,20.0,0.8,73.0,0.8571428571428571,0.10526315789473684,0.175,0.03078883553400305
775,6.0,20.0,0.8,74.0,0.9444444444444444,0.09090909090909091,0.2,0.0377536860343249
776,6.0,20.0,0.8,75.0,0.8823529411764706,0.043478260869565216,0.075,0.02699734112738325
777,6.0,20.0,0.8,76.0,0.8235294117647058,0.0,0.05,0.03547958433950436
778,6.0,20.0,0.8,77.0,0.9,0.0,0.15,0.07218536354177442
779,6.0,20.0,0.8,78.0,0.8333333333333334,0.0,0.125,0.044388542153303644
780,6.0,20.0,0.8,79.0,0.8235294117647058,0.0,0.075,0.058014102795041225
781,6.0,20.0,0.8,80.0,0.8947368421052632,0.14285714285714285,0.05,0.016359186562606758
782,6.0,20.0,0.8,81.0,0.782608695652174,0.0,0.2,0.05379526027475399
783,6.0,20.0,0.8,82.0,0.8571428571428571,0.0,0.15,0.04056031101461677
784,6.0,20.0,0.8,83.0,0.9565217391304348,0.058823529411764705,0.225,0.04842881298098992
785,6.0,20.0,0.8,84.0,0.9047619047619048,0.05263157894736842,0.05,0.020006331219495098
786,6.0,20.0,0.8,85.0,0.9285714285714286,0.038461538461538464,0.15,0.048703789842127816
787,6.0,20.0,0.8,86.0,0.7391304347826086,0.0,0.15,0.03448661931439219
788,6.0,20.0,0.8,87.0,0.9047619047619048,0.10526315789473684,0.1,0.04456211198920252
789,6.0,20.0,0.8,88.0,0.9,0.1,0.175,0.0315398080575237
790,6.0,20.0,0.8,89.0,0.7391304347826086,0.0,0.15,0.03656048698176721
791,6.0,20.0,0.8,90.0,0.95,0.1,0.175,0.04998802581385571
792,6.0,20.0,0.8,91.0,0.92,0.0,0.175,0.0426437097745923
793,6.0,20.0,0.8,92.0,0.6818181818181818,0.0,0.125,0.033773943487607296
794,6.0,20.0,0.8,93.0,0.782608695652174,0.0,0.075,0.035753064873650944
795,6.0,20.0,0.8,94.0,0.9545454545454546,0.1111111111111111,0.2,0.044170865854742974
796,6.0,20.0,0.8,95.0,0.9166666666666666,0.0,0.2,0.037553226483321545
797,6.0,20.0,0.8,96.0,0.9047619047619048,0.0,0.15,0.03581812453070209
798,6.0,20.0,0.8,97.0,0.8235294117647058,0.0,0.075,0.03373689712342688
799,6.0,20.0,0.8,98.0,0.8095238095238095,0.0,0.2,0.0723643543031004
800,6.0,20.0,0.8,99.0,0.9583333333333334,0.1875,0.25,0.0344446415863159
801,6.0,20.0,0.9,0.0,1.0,0.0,0.075,0.027913548840642344
802,6.0,20.0,0.9,1.0,0.9047619047619048,0.0,0.2,0.055046285686107296
803,6.0,20.0,0.9,2.0,0.9583333333333334,0.0,0.125,0.027468705927965777
804,6.0,20.0,0.9,3.0,1.0,0.13333333333333333,0.325,0.0779884408058938
805,6.0,20.0,0.9,4.0,0.875,0.125,0.1,0.04442412099288238
806,6.0,20.0,0.9,5.0,0.9,0.05,0.125,0.04110802522841138
807,6.0,20.0,0.9,6.0,1.0,0.045454545454545456,0.1,0.03342395642449009
808,6.0,20.0,0.9,7.0,0.8823529411764706,0.08695652173913043,0.2,0.0544595467514158
809,6.0,20.0,0.9,8.0,1.0,0.05263157894736842,0.175,0.041335982865716825
810,6.0,20.0,0.9,9.0,0.75,0.0,0.075,0.05925270169110258
811,6.0,20.0,0.9,10.0,1.0,0.5652173913043478,0.35,0.05975853660593331
812,6.0,20.0,0.9,11.0,1.0,0.10526315789473684,0.1,0.0379044844033279
813,6.0,20.0,0.9,12.0,0.9444444444444444,0.045454545454545456,0.15,0.04030087465422274
814,6.0,20.0,0.9,13.0,0.9444444444444444,0.0,0.15,0.03950017953987495
815,6.0,20.0,0.9,14.0,1.0,0.0,0.1,0.06176005950773965
816,6.0,20.0,0.9,15.0,0.9473684210526315,0.0,0.025,0.026371376180430083
817,6.0,20.0,0.9,16.0,1.0,0.0,0.2,0.03535513662763056
818,6.0,20.0,0.9,17.0,0.8888888888888888,0.0,0.25,0.06447356504168762
819,6.0,20.0,0.9,18.0,1.0,0.0,0.125,0.027562631607088918
820,6.0,20.0,0.9,19.0,0.9333333333333333,0.0,0.2,0.057386429392318215
821,6.0,20.0,0.9,20.0,1.0,0.0,0.175,0.060127567543486714
822,6.0,20.0,0.9,21.0,0.7647058823529411,0.0,0.05,0.047563238941967664
823,6.0,20.0,0.9,22.0,1.0,0.3684210526315789,0.125,0.016992455999229703
824,6.0,20.0,0.9,23.0,1.0,0.0,0.25,0.047170327299476886
825,6.0,20.0,0.9,24.0,1.0,0.0,0.175,0.04119104900140298
826,6.0,20.0,0.9,25.0,0.9411764705882353,0.043478260869565216,0.05,0.03942057045919188
827,6.0,20.0,0.9,26.0,1.0,0.09523809523809523,0.175,0.0383448973433619
828,6.0,20.0,0.9,27.0,0.9375,0.041666666666666664,0.175,0.029569188311594975
829,6.0,20.0,0.9,28.0,1.0,0.0,0.2,0.05806956809142766
830,6.0,20.0,0.9,29.0,1.0,0.0,0.175,0.03579799451012557
831,6.0,20.0,0.9,30.0,1.0,0.041666666666666664,0.25,0.04624439866529243
832,6.0,20.0,0.9,31.0,1.0,0.15789473684210525,0.4,0.07756213103368378
833,6.0,20.0,0.9,32.0,1.0,0.0,0.05,0.04098395224518023
834,6.0,20.0,0.9,33.0,1.0,0.05,0.275,0.062032542119431724
835,6.0,20.0,0.9,34.0,1.0,0.07692307692307693,0.15,0.03992729357080051
836,6.0,20.0,0.9,35.0,1.0,0.038461538461538464,0.15,0.0455112570064685
837,6.0,20.0,0.9,36.0,0.9583333333333334,0.0,0.2,0.04992899019245242
838,6.0,20.0,0.9,37.0,0.9,0.0,0.2,0.05208996428677783
839,6.0,20.0,0.9,38.0,1.0,0.05555555555555555,0.4,0.049029206823995135
840,6.0,20.0,0.9,39.0,1.0,0.0,0.125,0.04643091057709126
841,6.0,20.0,0.9,40.0,1.0,0.17647058823529413,0.2,0.04077289552838166
842,6.0,20.0,0.9,41.0,1.0,0.09523809523809523,0.2,0.03846449705603396
843,6.0,20.0,0.9,42.0,1.0,0.0,0.175,0.03946014649489261
844,6.0,20.0,0.9,43.0,0.9333333333333333,0.04,0.0,0.02923622175914581
845,6.0,20.0,0.9,44.0,0.9473684210526315,0.0,0.225,0.03381997581111322
846,6.0,20.0,0.9,45.0,0.9259259259259259,0.15384615384615385,0.2,0.025352708248127864
847,6.0,20.0,0.9,46.0,0.9444444444444444,0.0,0.15,0.046145249544809364
848,6.0,20.0,0.9,47.0,0.9583333333333334,0.0,0.15,0.02213714715251798
849,6.0,20.0,0.9,48.0,1.0,0.0,0.125,0.03687535185726023
850,6.0,20.0,0.9,49.0,0.9375,0.08333333333333333,0.125,0.03633640608344751
851,6.0,20.0,0.9,50.0,0.9565217391304348,0.0,0.1,0.023107304351379497
852,6.0,20.0,0.9,51.0,0.96,0.13333333333333333,0.175,0.027449824397076196
853,6.0,20.0,0.9,52.0,1.0,0.04,0.15,0.03588886983587223
854,6.0,20.0,0.9,53.0,1.0,0.0,0.1,0.042518483175810404
855,6.0,20.0,0.9,54.0,0.9375,0.041666666666666664,0.075,0.025415739571232714
856,6.0,20.0,0.9,55.0,1.0,0.0,0.2,0.041632618696854064
857,6.0,20.0,0.9,56.0,0.9473684210526315,0.0,0.05,0.02837809037395498
858,6.0,20.0,0.9,57.0,1.0,0.15789473684210525,0.275,0.04333028261655909
859,6.0,20.0,0.9,58.0,0.9,0.0,0.125,0.04226233124442182
860,6.0,20.0,0.9,59.0,1.0,0.0,0.125,0.03419887928420821
861,6.0,20.0,0.9,60.0,1.0,0.0,0.1,0.04565640234807768
862,6.0,20.0,0.9,61.0,1.0,0.058823529411764705,0.15,0.03716685785318492
863,6.0,20.0,0.9,62.0,0.9375,0.0,0.125,0.031015791445403278
864,6.0,20.0,0.9,63.0,0.9047619047619048,0.0,0.15,0.024707422831347053
865,6.0,20.0,0.9,64.0,1.0,0.0,0.075,0.03291222277222616
866,6.0,20.0,0.9,65.0,0.9565217391304348,0.058823529411764705,0.075,0.029465464036556956
867,6.0,20.0,0.9,66.0,0.9166666666666666,0.03571428571428571,0.175,0.030192278195424506
868,6.0,20.0,0.9,67.0,0.9166666666666666,0.0,0.15,0.020743604779253345
869,6.0,20.0,0.9,68.0,0.8947368421052632,0.047619047619047616,0.125,0.029894601141630034
870,6.0,20.0,0.9,69.0,0.9230769230769231,0.0,0.2,0.03966639751658065
871,6.0,20.0,0.9,70.0,1.0,0.047619047619047616,0.1,0.040103616027169095
872,6.0,20.0,0.9,71.0,1.0,0.0,0.125,0.02354345677662941
873,6.0,20.0,0.9,72.0,1.0,0.0,0.25,0.04694224507923059
874,6.0,20.0,0.9,73.0,1.0,0.041666666666666664,0.275,0.06455343097019241
875,6.0,20.0,0.9,74.0,0.7894736842105263,0.047619047619047616,0.15,0.0404122532871876
876,6.0,20.0,0.9,75.0,1.0,0.0,0.2,0.05331852298245121
877,6.0,20.0,0.9,76.0,0.9565217391304348,0.0,0.1,0.02643445520303826
878,6.0,20.0,0.9,77.0,0.9090909090909091,0.0,0.15,0.030256065039222978
879,6.0,20.0,0.9,78.0,0.8095238095238095,0.0,0.1,0.05868499823284512
880,6.0,20.0,0.9,79.0,1.0,0.05263157894736842,0.275,0.029573646761343126
881,6.0,20.0,0.9,80.0,1.0,0.08333333333333333,0.1,0.038058753503926714
882,6.0,20.0,0.9,81.0,0.8888888888888888,0.0,0.125,0.05631848705859853
883,6.0,20.0,0.9,82.0,0.9523809523809523,0.05263157894736842,0.25,0.053710825726089775
884,6.0,20.0,0.9,83.0,1.0,0.043478260869565216,0.05,0.023456964412965246
885,6.0,20.0,0.9,84.0,0.9090909090909091,0.0,0.2,0.0376333602864383
886,6.0,20.0,0.9,85.0,0.96,0.0,0.1,0.058276991216220556
887,6.0,20.0,0.9,86.0,0.9545454545454546,0.05555555555555555,0.125,0.021412337713660495
888,6.0,20.0,0.9,87.0,1.0,0.05555555555555555,0.15,0.05396067792929939
889,6.0,20.0,0.9,88.0,1.0,0.043478260869565216,0.1,0.02282503673799084
890,6.0,20.0,0.9,89.0,1.0,0.17647058823529413,0.175,0.02622750441323768
891,6.0,20.0,0.9,90.0,0.8333333333333334,0.0,0.075,0.026309976389466538
892,6.0,20.0,0.9,91.0,1.0,0.0,0.05,0.03724524505264555
893,6.0,20.0,0.9,92.0,1.0,0.0,0.1,0.046453815871984404
894,6.0,20.0,0.9,93.0,1.0,0.0,0.125,0.03517280457407586
895,6.0,20.0,0.9,94.0,0.3333333333333333,0.0,0.05,0.021259818590799357
896,6.0,20.0,0.9,95.0,0.9473684210526315,0.0,0.175,0.03141556585128626
897,6.0,20.0,0.9,96.0,0.9230769230769231,0.07142857142857142,0.3,0.054693275382147036
898,6.0,20.0,0.9,97.0,0.9545454545454546,0.05555555555555555,0.1,0.04102574459665165
899,6.0,20.0,0.9,98.0,0.5625,0.0,0.025,0.044247387239544446
900,6.0,20.0,0.9,99.0,1.0,0.5882352941176471,0.35,0.05756479171934405
